year,q_no,category,topic,question,choice1,choice2,choice3,choice4,explanation,difficulty,tags
2024,1,権利関係,民法/法律行為,法律行為に関する次の記述のうち、民法の規定によれば、正しいものはどれか。,営業を許された未成年者が、その営業に関する意思表示をした時に意思能力を有しなかっ た場合は、その法律行為は無効である。,公の秩序に反する法律行為であっても、当事者が納得して合意した場合には、その法律行 為は有効である。,詐欺による意思表示は取り消すことによって初めから無効であったとみなされるのに対し、 強迫による意思表示は取り消すまでもなく無効である。,他人が所有している土地を目的物にした売買契約は無効であるが、当該他人がその売買契 約を追認した場合にはその売買契約は有効となる。,【結論】正解A（1）。 / 【根拠】意思能力を欠く意思表示は無効。営業許可と意思能力は別概念。,3,R6;権利関係;民法/法律行為
2024,2,権利関係,民法/委任・準委任,"委任契約・準委任契約に関する次の記述のうち、民法の規定及び判例によれば、
誤っているものはどれか。",売主が、売買契約の付随義務として、買主に対して、マンション専有部分内の防火戸の操 作方法につき説明義務を負う場合、業務において密接な関係にある売主から委託を受け、売 主と一体となって当該マンションの販売に関する一切の事務を行っていた宅地建物取引業者 も、買主に対して、防火戸の操作方法について説明する信義則上の義務を負うことがある。,受任者は、委任者の許諾を得たとき、又はやむを得ない事由があるときでなければ、復受 任者を選任することができない。,委任契約で本人が死亡しても代理権が消滅しない旨を合意して代理人に代理権を与えた場 合、本人が死亡しても代理権は消滅しない。,委任は、当事者の一方が仕事を完成することを相手方に約し、相手方がその仕事の結果に 対しその報酬を支払うことを約さなければ、その効力を生じない。,【結論】正解D（4）※「誤り」。  / 【根拠】完成を約するのは請負、委任は事務処理。,3,R6;権利関係;民法/委任・準委任
2024,3,権利関係,民法/共有,"甲土地につき、Ａ、Ｂ、Ｃ、Ｄの 4 人がそれぞれ 4 分の 1 の共有持分を有してい
て、Ａ、Ｂ、ＣのいずれもＤの所在を知ることができない場合に関する次の記述のうち、民法
の規定及び判例によれば、正しいものはどれか。
なお、Ｄの共有持分は、相続財産には属して
いないものとする。",甲土地に、その形状又は効用の著しい変更を伴う変更を加える場合には、共有者の過半数 の同意が必要であり、本件ではＡ、Ｂ、Ｃ 3 人の同意が必要となる。,甲土地の所有 権の登記名義人となっている者が所有者ではないＥである場合、持分に基づ いてＥに対して登記の抹消を求めるためには、所在が判明しているＡ、Ｂ、Ｃのうち 2 人の 同意が必要である。,Ａ、Ｂ、Ｃ 3 人の同意があれば、甲土地を資材置場として賃借したいＦとの間で期間を 3 年とする賃貸借契約を締結することができる。,Ａが裁判所に請求して、裁判所がＤの持分をＡに取得させる旨の決定をした場合、Ｄは、 その決定から 3 年以内に限り、Ａが取得したＤの共有持分の時価相当額をＡに対して支払う よう請求することができる。,【結論】正解C（3）。 / 【根拠】賃貸借3年は「管理行為」＝持分過半で決定可。,3,R6;権利関係;民法/共有
2024,4,権利関係,民法/契約と相続,"Ａを売主、Ｂを買主として甲土地の売買契約（以下この問において「本件契約」
という。）が締結された直後にＡが死亡し、ＣがＡを単独相続した場合における次の記述のう
ち、民法の規定によれば、正しいものはどれか。",売買代金を受領したＣが甲土地の引渡しを拒絶する意思を明確に表示したとしても、Ｂは、 Ｃに対して相当の期間を定めた催告をしなければ、本件契約を解除することができない。,Ｂが期日までに売買代金を支払わない場合であっても、本件契約の解除権はＡの一身に専 属した権利であるため、Ｃは本件契約を解除することはできない。,Ｂは、売買代金が支払い済みだったとしても、甲土地の所有権登記を備えなければ、Ｃに 対して甲土地の引渡しを請求することはできない。,本件契約が、Ａの詐欺により締結されたものである場合、ＢはＣに対して、本件契約の取 消しを主張することができる。,【結論】正解D（4）。 / 【根拠】詐欺取消しの抗弁は相続人へ承継。,3,R6;権利関係;民法/契約と相続
2024,5,権利関係,民法/履行遅滞,"履行遅滞に関する次の記述のうち、民法の規定及び判例によれば、正しいものは
どれか。",不法行為の加害者は、不法行為に基づく損害賠償債務について、履行の請求を受けた時か ら遅滞の責任を負う。,善意の受益者は、その不当利得返還債務について、履行の請求を受けた時から遅滞の責任 を負う。,請負人の報酬債権に対して、注文者がこれと同時履行の関係にある目的物の瑕 疵 修補に代 わる損害賠償債権を自働債権とする相殺の意思表示をした場合、注文者は、請負人に対する 相殺後の報酬残債務について、当該残債務の履行の請求を受けた時から遅滞の責任を負う。,債務の履行について不確定期限があるときは、債務者は、その期限の到来したことを知っ た後に履行の請求を受けた時から遅滞の責任を負う。,【結論】正解B（2）。 / 【根拠】善意受益者の遅滞＝請求時から。,3,R6;権利関係;民法/履行遅滞
2024,6,権利関係,民法/地上権と混同,"Ａの所有する甲土地にＢを地上権者とする地上権（以下この問において「本件地
上権」という。）が設定され、その旨の登記がされた後に、甲土地にＣを抵当権者とする抵当
権が設定され、その旨の登記がされた場合における次の記述のうち、民法の規定によれば、正
しいものはいくつあるか。
ア　ＢがＡとの売買契約に基づき、甲土地の所有権を取得したときは、本件地上権は消滅する。
イ　Ａが死亡してＢがＡを単独相続し、甲土地の所有権を取得したときは、本件地上権は消滅
する。
ウ　ＢがＡとの代物弁済契約に基づき、甲土地の所有権を取得したときは、本件地上権は消滅
する。
エ　ＢがＡとの贈与契約に基づき、甲土地の所有権を取得したときは、本件地上権は消滅する。",一つ,二つ,三つ,なし,【結論】正解D（4）＝「なし」。  / 【根拠】地上権→のち抵当権の順では、地上権者が所有権取得しても抵当権者保護で混同消滅しない。,3,R6;権利関係;民法/地上権と混同
2024,7,権利関係,民法/賃貸借と占有,"Ａを貸主、Ｂを借主として甲建物の賃貸借契約（以下この問において「本件契
約」という。）が締結され、Ｂが甲建物の引渡しを受けた場合における次の記述のうち、民法
の規定及び判例によれば、正しいものはどれか。",ＣがＢに対し甲建物をＡから買受けたとの虚偽の話をしたので、これを信じたＢが甲建物 の占有を任意にＣに移転した場合、ＡはＣに対して、占有回収の訴えにより甲建物の返還を 請求することはできない。,Ｂが、Ａの甲建物への立ち入りを建物入り口を閉ざして拒んだときは、Ａは甲建物の間接 占有が侵奪されたものとして、Ｂに対して、占有回収の訴えにより甲建物の返還を請求する ことができる。,Ｂが死亡して、ＤがＢを単独相続した場合、Ｄは相続開始を知るまでは、Ｂによる甲建物 の占有を承継しない。,ＡとＢのいずれもが死亡した場合、本件契約は当然に終了する。,【結論】正解A（1）。 / 【根拠】占有回収の訴えは“侵奪”が要件。賃借人が任意に第三者へ渡した場合は不可。,3,R6;権利関係;民法/賃貸借と占有
2024,8,権利関係,民法/条文知識,次の記述のうち、民法の条文として規定されていないものはどれか。,隔地者間の契約は、承諾の通知を発した時に成立する。,無効な行為に基づく債務の履行として給付を受けた者は、相手方を原状に復させる義務を 負う。,代理人が自己又は第三者の利益を図る目的で代理権の範囲内の行為をした場合において、 相手方がその目的を知り、又は知ることができたときは、その行為は、代理権を有しない者 がした行為とみなす。,未成年者が法律行為をするには、その法定代理人の同意を得なければならない。ただし、 単に権利を得、又は義務を免れる法律行為については、この限りでない。,【結論】正解A（1）。 / 【根拠】隔地者の発信主義の明文は削除、一般原則で処理。,3,R6;権利関係;民法/条文知識
2024,9,権利関係,民法/承諾と債務引受,承諾に関する次の記述のうち、民法の規定によれば、正しいものはどれか。,第三者が債務者との間で、債務者の債務につき免責的債務引受契約をする場合、債権者の 承諾は不要である。,第三者が債務者との間で、債務者の債務につき併存的債務引受契約をした場合、債権者が 第三者に承諾をした時点で、その効力が生ずる。,第三者が債権者との間で、債務者の債務につき併存的債務引受契約をした場合、債務者が 第三者に承諾をした時点で、その効力が生ずる。,賃借人が賃貸借契約の目的物を第三者に転貸する場合、賃貸人の承諾は不要である。,【結論】正解B（2）。 / 【根拠】併存的債務引受は“債権者の第三者への承諾”で効力発生。,3,R6;権利関係;民法/承諾と債務引受
2024,10,権利関係,民法/契約不適合,"売買契約の目的物が品質に関して契約の内容に適合しない場合において、当該契
約不適合が売主及び買主のいずれの責めにも帰することができない事由によるものであるとき、
履行の追完請求権、代金の減額請求権、損害賠償請求権及び契約の解除権のうち、民法の規定
によれば、買主が行使することができない権利のみを掲げたものとして正しいものは次の記述
のうちどれか。
なお、上記帰責性以外の点について、権利の行使を妨げる事情はないものとす
る。",履行の追完請求権、損害賠償請求権、契約の解除権,代金の減額請求権、損害賠償請求権、契約の解除権,履行の追完請求権、代金の減額請求権,損害賠償請求権,【結論】正解D（4）。 / 【根拠】契約不適合が無過失なら損害賠償は不可（帰責性要）。追完・減額・解除は要件充足なら可能。,3,R6;権利関係;民法/契約不適合
2024,11,法令上の制限,借地借家法/借地,"建物の所有を目的とする土地の賃貸借契約（一時使用目的の借地契約を除く。）
に関する次の記述のうち、借地借家法の規定によれば、正しいものはどれか。",専ら事業の用に供する建物（居住の用に供するものを除く。）の所有を目的とし、存続期 間を 20 年として借地権を設定する場合、建物買取請求権の規定は適用されず、また、その 契約は、公正証書による等書面によってしなければならない。,居住の用に供する建物の所有を目的として借地権を設定する場合において、借地権を消滅 させる目的で、その設定後 30 年を経過した日に借地権の目的である土地の上の建物を借地 権設定者に相当の対価で譲渡する旨の特約を定めても、この特約は無効である。,借地権を設定する場合において、存続期間を定めなかったときは、その期間は 30 年とな る。,当事者が借地権の設定後に最初に借地契約を更新する場合において、存続期間を定めな かったときは、その期間は更新の日から 10 年となる。,【結論】正解C（3）。 / 【根拠】期間未定の借地は30年。,3,R6;法令上の制限;借地借家法/借地
2024,12,法令上の制限,借地借家法/建物賃貸借,"賃貸人Ａと賃借人Ｂとが、居住目的で期間を 3 年として、借地借家法第 38 条の
定期建物賃貸借契約（以下この問において「契約①」という。
）を締結した場合と、定期建物
賃貸借契約でも一時使用目的の賃貸借契約でもない普通建物賃貸借契約（以下この問において
「契約②」という。
）を締結した場合とに関する次の記述のうち、借地借家法の規定によれば、
正しいものはどれか。",Ｂが建物の引渡しを受けた後にＡが建物をＣに売却して建物所有者がＣに変わった場合、 Ｂは、契約①の場合ではＣに対して賃借人であることを主張できるが、契約②の場合ではＣ に対して賃借人であることを主張できない。,契約期間中は賃料の改定を行わない旨の特約を契約において定めていても、契約期間中に 賃料が不相当になったと考えるに至ったＢは、契約①の場合も契約②の場合も、借地借家法 第 32 条に基づく賃料減額請求をすることができる。,Ｂが契約期間中に相続人なしで死亡した場合において、婚姻はしていないが事実上夫婦と 同様の関係にあった同居者Ｄがあるときは、契約①の場合も契約②の場合も、Ａに反対の意 思表示をしないＤは、建物の賃貸借契約に関し、Ｂの権利義務を承継する。,契約①の場合、公正証書によって契約をするときに限り契約の更新がないことを有効に定 めることができ、契約②の場合、書面で契約し、かつ、Ａに正当な理由がない限り、Ａは契 約の更新を拒絶することができなくなる。,【結論】正解C（3）。 / 【根拠】同居の事実婚パートナーは承継し得る（要件あり）。,3,R6;法令上の制限;借地借家法/建物賃貸借
2024,13,法令上の制限,区分所有法,"建物の区分所有等に関する法律に関する次の記述のうち、誤っているものはどれ
か。",各共有者の共用部分の持分は、規約に別段の定めがない限り、共有者数で等分することと されている。,規約及び集会の決議は、区分所有者の特定承継人に対しても、その効力を生ずる。,管理者は、集会において、毎年 1 回一定の時期に、その事務に関する報告をしなければな らない。,集会の招集の通知は、区分所有者が管理者に対して通知を受けるべき場所を通知しなかっ たときは区分所有者の所有する専有部分が所在する場所にあててすれば足りる。この場合に は、集会の招集の通知は、通常それが到達すべき時に到達したものとみなされる。,【結論】正解A（1）※誤り。 / 【根拠】共用部分の持分＝床面積比例（等分ではない）。,3,R6;法令上の制限;区分所有法
2024,14,法令上の制限,不動産登記法,"不動産の登記に関する次の記述のうち、不動産登記法の規定によれば、誤ってい
るものはどれか。",買戻しの特約に関する登記がされている場合において、契約の日から 10 年を経過したと きは、登記権利者は、単独で当該登記の抹消を申請することができる。,不動産の収用による所有権の移転の登記は、起業者が単独で申請することができる。,相続人ではない者に対する遺贈による所有権の移転の登記は、登記権利者が単独で申請す ることができる。,登記名義人の住所についての変更の登記は、登記名義人が単独で申請することができる。,【結論】正解C（3）※誤り。 / 【根拠】遺贈（受遺者）による所有権移転登記は原則“共同申請”。,3,R6;法令上の制限;不動産登記法
2024,15,法令上の制限,都市計画法,都市計画法に関する次の記述のうち、誤っているものはどれか。,都市計画区域外においても、特に必要があるときは、都市施設に関する都市計画を定める ことができる。,準都市計画区域については、用途地域が定められている土地の区域であっても、市街地開 発事業に関する都市計画を定めることができない。,用途地域の一つである準住居地域は、道路の沿道としての地域の特性にふさわしい業務の 利便の増進を図りつつ、これと調和した住居の環境を保護するために定める地域である。,地区計画は、用途地域が定められている土地の区域についてのみ都市計画に定められるも のであり、また、地区計画に関する都市計画を定めるに当たっては、地区整備計画を都市計 画に定めなければならない。,【結論】正解D（4）※誤り。 / 【根拠】地区計画は用途地域の有無を問わず定め得る。,3,R6;法令上の制限;都市計画法
2024,16,法令上の制限,都市計画法,"都市計画法（以下この問において「法」という。
）に関する次の記述のうち、正
しいものはどれか。
ただし、この問において条例による特別の定めはないものとし、「都道府
県知事」とは、地方自治法に基づく指定都市、中核市及び施行時特例市にあってはその長をい
うものとする。","市街化区域内において行う、医療法に規定する病院を建築するための 1,000 m2 の開発行 為については、法第 29 条に基づく都道府県知事の許可を得る必要がある。","市街化区域内において行う、開発行為を伴わない建築物の建築で、当該建築物の床面積が 1,000 m2 以上のものについては、法第 29 条に基づく都道府県知事の許可を得る必要がある。",市街化調整区域内において行う、都市計画事業の施行のための開発行為については、法第 29 条に基づく都道府県知事の許可を得る必要がある。,法第 29 条に基づく許可を受けた者は、当該許可に係る土地についての一定の事項を開発 登録簿に登録しなければならない。,"【結論】正解A（1）。 / 【根拠】市街化区域内で病院建設のための1,000㎡規模の開発行為は許可対象。",3,R6;法令上の制限;都市計画法
2024,17,法令上の制限,建築基準法,"建築基準法に関する次の記述のうち、誤っているものはどれか。なお、建築副主
事の確認にあっては、建築基準法に定める大規模建築物以外の建築物に限るものとする。",高さ 25 m の建築物には、周囲の状況によって安全上支障がない場合を除き、有効に避雷 設備を設けなければならない。,特定行政庁は、建築基準法の規定に違反した建築物（国、都道府県又は建築主事を置く市 町村の建築物を除く。）の所有者に対して、緊急の必要があり、仮に当該建築物の使用禁止 又は使用制限の命令をする場合であっても、意見書の提出先等を記載した通知書の交付等の 手続をとらなければならない。,防火地域内に存在する共同住宅（その用途に供する部分の床面積の合計が 300 m2）を増 築する場合、その増築に係る部分の床面積の合計が 10 m2 以内であっても、建築主事、建築 副主事又は指定確認検査機関の確認を受ける必要がある。,劇場の用途に供する建築物を映画館（その用途に供する部分の床面積の合計が 500 m2） に用途変更する場合、建築主事、建築副主事又は指定確認検査機関の確認を受ける必要はな い。,【結論】正解B（2）。 / 【根拠】緊急の使用禁止等の命令でも、通知等の手続（意見聴取の機会付与に関する手続）は必要。,3,R6;法令上の制限;建築基準法
2024,18,法令上の制限,建築基準法,次の記述のうち、建築基準法の規定によれば、正しいものはどれか。,客席部分の床面積の合計が 300 m2 の映画館については、第二種住居地域内において建築 することはできないが、準住居地域内においては建築することができる。,特定用途誘導地区内において、都市計画で建築物の高さの最高限度が定められていたとし ても、特定行政庁が用途上又は構造上やむを得ないと認めて許可したものについては、当該 最高限度を超えてよい。,計画しようとする建築物の天空率が、道路斜線制限、隣地斜線制限又は北側斜線制限に適 合する建築物の天空率未満であれば、これらの制限は適用されない。,都市計画で建率の限度が 80 ％ に指定されている区域かつ防火地域内にある耐火建築物 について、建率の限度を超えるためには、特定行政庁による許可を得る必要がある。,【結論】正解B（2）。 / 【根拠】特定用途誘導地区で高さ制限があっても特定行政庁が許可すれば超過可。,3,R6;法令上の制限;建築基準法
2024,19,法令上の制限,宅地造成等規制法,"宅地造成及び特定盛土等規制法に関する次の記述のうち、誤っているものはどれ
か。
なお、この問において「都道府県知事」とは、地方自治法に基づく指定都市及び中核市に
あってはその長をいうものとし、地方自治法に基づく施行時特例市に係る経過措置については
考慮しないものとする。",都道府県知事は、基礎調査のために他人の占有する土地に立ち入って測量又は調査を行う 必要があるときは、その必要の限度において、当該土地に、自ら立ち入り、又はその命じた 者若しくは委任した者に立ち入らせることができ、当該土地の占有者は、正当な理由がない 限り、その立入りを拒み、又は妨げてはならない。,都道府県知事は、宅地造成等工事規制区域内の土地について、宅地造成等に伴う災害を防 止するために必要があると認める場合には、その土地の所有者に対して、擁壁等の設置等の 措置をとることを勧告することができる。,工事主は、宅地造成等工事規制区域において行われる宅地造成等に関する工事について、 工事着手後 2 週間以内に、宅地造成等に関する工事の施行に係る土地の周辺地域の住民に対 し、説明会の開催その他の当該宅地造成等に関する工事の内容を周知させるため必要な措置 を講じなければならない。,特定盛土等規制区域内において行われる特定盛土等又は土石の堆積に関する工事について は、工事主は、当該工事に着手する日の 30 日前までに、主務省令で定めるところにより、 当該工事の計画を都道府県知事に届け出なければならない。ただし、特定盛土等又は土石の 堆積に伴う災害の発生のおそれがないと認められるものとして政令で定める工事については、 この限りでない。,【結論】正解C（3）※誤り。 / 【根拠】周知・説明は「着手前」に行うのが制度趣旨。着手後2週間以内は誤り。,3,R6;法令上の制限;宅地造成等規制法
2024,20,法令上の制限,土地区画整理法,"土地区画整理法に関する次の記述のうち、誤っているものはどれか。なお、この
問において、同法第 136 条の 3 による大都市等の特例及び条例で定める事務処理の特例は考慮
しないものとする。",仮換地が指定された場合においては、従前の宅地について権原に基づき使用し、又は収益 することができる者は、仮換地の指定の効力発生の日から換地処分の公告がある日まで、仮 換地又は仮換地について仮に使用し、若しくは収益することができる権利の目的となるべき 宅地若しくはその部分について、従前の宅地について有する権利の内容である使用又は収益 と同じ使用又は収益をすることができる。,市町村施行の土地区画整理事業において、市町村は、換地処分をした場合においては、そ の旨を公告しなければならない。,換地計画において定められた保留地は、換地処分の公告があった日の翌日において、施行 者が取得する。,施行者は、仮換地を指定した場合において、特別の事情があるときは、その仮換地につい て使用又は収益を開始することができる日を仮換地の指定の効力発生の日と別に定めること ができる。,【結論】正解B（2）※誤り。 / 【根拠】換地処分の公告の主体・手続の捉え方が不正確。条文上の主体は“施行者”。,3,R6;法令上の制限;土地区画整理法
2024,21,税・価格・その他,農地法,"農地に関する次の記述のうち、農地法（以下この問において「法」という。）の
規定によれば、誤っているものはどれか。",法第 3 条第 1 項の許可があったときは所有権が移転する旨の停止条件付売買契約を原因と する所有権移転の仮登記の申請を行う場合にも、農業委員会の許可が必要である。,法第 5 条第 1 項の許可申請書の提出において、法ではその申請に係る権利の設定又は移転 に関し民事調停法により調停が成立した場合など一定の場合を除き、当事者は連署した申請 書を提出しなければならないとされている。,法では、農地の賃貸借で期間の定めがあるものについては、一定の場合を除き、期間満了 の 1 年前から 6 か月前までの間に更新拒絶の通知をしないと従前の賃貸借と同一の条件で更 に賃貸借したものとみなされる。,法では、農地の賃貸借の当事者は、当該賃貸借の合意による解約が民事調停法による農事 調停によって行われる場合など一定の場合を除き、知事の許可を受けなければ、当該賃貸借 について、解除、解約の申入れ、合意解約、更新拒絶の通知をしてはならないとされている。,【結論】正解A（1）※誤り。 / 【根拠】停止条件付売買を原因とする「所有権移転の仮登記」自体に3条許可は不要（本移転で要）。,3,R6;税・価格・その他;農地法
2024,22,税・価格・その他,国土利用計画法,"国土利用計画法（以下この問において「法」という。
）第 23 条の届出（以下この
問において「事後届出」という。
）及び法第 27 条の 7 の監視区域内の届出（以下この問におい
て「事前届出」という。
）に関する次の記述のうち、正しいものはどれか。
なお、この問にお
いて「都道府県知事」とは、地方自治法に基づく指定都市にあってはその長をいうものとする。","Ａが所有する市街化区域以外の都市計画区域内の 4,000 m2 の土地について、宅地建物取 引業者Ｂが地上権の設定を受ける契約を締結した場合、Ｂは事後届出を行わなければならな い。","宅地建物取引業者Ｃが所有する市街化区域内の 3,000 m2 の土地と宅地建物取引業者Ｄが 所有する都市計画区域外に所在する 12,000 m2 の土地を金銭の授受を伴わずに交換する契約 を締結した場合、Ｃ及びＤはともに事後届出を行う必要はない。",事前届出又は事後届出が必要な土地について、売買契約を締結したにもかかわらず所定の 期間内に当該届出をしなかった者は都道府県知事からの勧告を受けることがあるが、罰則の 適用を受けることはない。,"監視区域に指定された市街化区域内に所在する土地 2,500 m2 について売買契約を締結し ようとする当事者は、契約締結の少なくとも 6 週間前までに事前届出を行わなければならな い。",【結論】正解D（4）。 / 【根拠】監視区域内の事前届出は「契約締結の少なくとも6週間前」。,3,R6;税・価格・その他;国土利用計画法
2024,23,税・価格・その他,税/住宅ローン控除,"住宅借入金等を有する場合の所得税額の特別控除（以下この問において「住宅
ローン控除」という。
）に関する次の記述のうち、正しいものはどれか。
なお、以下の居住用
家屋は、令和 5 年に建築基準法第 6 条第 1 項の確認（建築確認）を受けたものとする。",令和 6 年中に居住用家屋を居住の用に供した場合において、その前年において居住用財産 を譲渡した場合の軽減税率の特例の適用を受けているときであっても、令和 6 年分以後の所 得税について住宅ローン控除の適用を受けることができる。,令和 6 年中に居住用家屋を居住の用に供した場合において、その前年において居住用財産 の買換え等の場合の譲渡損失の損益通算の適用を受けているときであっても、令和 6 年分以 後の所得税について住宅ローン控除の適用を受けることができる。,令和 5 年中に居住用家屋の敷地の用に供するための土地を取得した場合において、令和 6 年中に居住用家屋を新築して居住の用に供したときは、令和 5 年分の所得税について住宅 ローン控除の適用を受けることができる。,令和 6 年中に居住用家屋を居住の用に供した場合において、その居住用家屋の取得に係る 住宅借入金等の償還期間等が契約において 3 年とされているときは、令和 6 年以後 3 年間の 所得税について住宅ローン控除の適用を受けることができる。,【結論】正解B（2）。 / 【根拠】前年に“買換え等の譲渡損失の損益通算”を使っていても、翌年以降の住宅ローン控除の適用自体は可能（併用制限の対象整理に注意）。,3,R6;税・価格・その他;税/住宅ローン控除
2024,24,税・価格・その他,税/不動産取得税,不動産取得税に関する次の記述のうち、正しいものはどれか。,不動産取得税の課税標準は、不動産を取得した時における当該不動産の売買価格であるか ら、固定資産税の課税標準である固定資産の評価額とは異なるものである。,不動産取得税の課税標準となるべき額が、土地の取得にあっては 10 万円、家屋の取得の うち建築に係るものにあっては 1 戸につき 23 万円、その他のものにあっては 1 戸につき 12 万円に満たない場合においては、不動産取得税が課されない。,不動産取得税は、不動産の取得に対して課される税であるので、法人の合併により不動産 を取得した場合においても、不動産取得税が課される。,令和 6 年 4 月に個人が取得した住宅及び住宅用地に係る不動産取得税の税率は 3 ％ であ るが、住宅以外の家屋及び土地に係る不動産取得税の税率は 4 ％ である。,【結論】正解B（2）。 / 【根拠】課税標準のミニマム（土地10万円、家屋は建築23万円・その他12万円）未満は課税なし。,3,R6;税・価格・その他;税/不動産取得税
2024,25,税・価格・その他,不動産鑑定評価基準,"不動産の鑑定評価に関する次の記述のうち、不動産鑑定評価基準によれば、誤っ
ているものはどれか。",同一需給圏とは、一般に対象不動産と代替関係が成立して、その価格の形成について相互 に影響を及ぼすような関係にある他の不動産の存する圏域をいう。,対象不動産について、依頼目的に応じ対象不動産に係る価格形成要因のうち地域要因又は 個別的要因について想定上の条件を設定する場合がある。,不動産の価格は、その不動産の効用が最高度に発揮される可能性に最も富む使用を前提と して把握される価格を標準として形成されるが、これを適合の原則という。,収益還元法は、対象不動産が将来生み出すであろうと期待される純収益の現在価値の総和 を求めることにより対象不動産の試算価格を求める手法であり、賃貸用不動産又は賃貸以外 の事業の用に供する不動産の価格を求める場合に特に有効である。,【結論】正解C（3）※誤り。 / 【根拠】記述は「最有効使用（HBU）」の内容。適合の原則は“周辺環境や規制等との適合度”に着目。,3,R6;税・価格・その他;不動産鑑定評価基準
2024,26,宅建業法,35条/重要事項説明(一般),"宅地建物取引業法第 35 条に規定する重要事項の説明に関する次の記述のうち、
正しいものはいくつあるか。なお、説明の相手方は宅地建物取引業者ではないものとする。
ア　ガス配管設備等に関して、住宅の売買後においても宅地内のガスの配管設備等の所有権が
家庭用プロパンガス販売会社にあるものとする場合には、その旨を説明しなければならない。
イ　重要事項の説明を行う宅地建物取引士は専任の宅地建物取引士でなくてもよいが、書面に
記名する宅地建物取引士は専任の宅地建物取引士でなければならない。
ウ　区分所有建物である事務所ビルの一室の売買の媒介を行う場合、当該 1 棟の建物及びその
敷地の管理が委託されているときは、その委託を受けている者の氏名（法人にあっては、そ
の商号又は名称）及び住所（法人にあっては、その主たる事務所の所在地）を説明しなけれ
ばならない。
エ　区分所有建物である中古マンションの一室の売買の媒介を行う場合、当該 1 棟の建物の計
画的な維持修繕のための費用の積立てを行う旨の規約の定めがあるときは、その内容及び既
に積み立てられている額について説明しなければならない。",一つ,二つ,三つ,四つ,【結論】正解C（3）＝「三つ」。 / 【根拠】正しいのはア・ウ・エ。イは“記名する宅建士は専任でなければならない”が誤り（専任要件はない）。,3,R6;宅建業法;35条/重要事項説明(一般)
2024,27,宅建業法,営業保証金,"宅地建物取引業者Ａに関する次の記述のうち、正しいものはどれか。なお、Ａは
宅地建物取引業保証協会の社員ではないものとする。",Ａが主たる事務所を移転したことにより、その最寄りの供託所が変更した場合において、 金銭のみをもって営業保証金を供託しているときは、遅滞なく営業保証金を移転後の主たる 事務所の最寄りの供託所に新たに供託しなければならない。,Ａの従業員が運転する車両で現地案内を受けた者が、Ａの従業員の過失による交通事故で ケガをした場合に取得する損害賠償請求権は、Ａが供託した営業保証金の還付の対象債権と なる。,Ａは、金銭と有価証券を併用して供託することができ、有価証券のみで供託する場合の当 該有価証券の価額は、国債証券の場合はその額面金額の 100 分の 90、地方債証券の場合は その額面金額の 100 分の 80 である。,Ａは甲県内にある主たる事務所とは別に、乙県内に新たに従たる事務所を設置したときは、 営業保証金を主たる事務所の最寄りの供託所に供託しなければならない。,【結論】正解D（4）。 / 【根拠】従たる事務所設置でも営業保証金は“主たる事務所の最寄りの供託所”へ—既に供託済みなら追加供託は不要（従たるごとに供託しない）。,3,R6;宅建業法;営業保証金
2024,28,宅建業法,報酬規程,"宅地建物取引業者Ａ（消費税課税事業者）及び宅地建物取引業者Ｂ（消費税免税
事業者）が受領した報酬に関するアからウの記述のうち、宅地建物取引業法の規定に違反しな
いものの組合せは 1 から 4 のうちどれか。なお、代理、媒介に当たり、広告の依頼は行われて
いないものとする。
ア　居住用建物（ 1 か月の借賃 12 万円。消費税等相当額を含まない。）について、Ａは貸主か
ら代理を依頼され、Ｂは借主から媒介を依頼され、Ａは貸主から 6.7 万円、Ｂは借主から
6.5 万円を報酬として受領した。なお、Ｂは、媒介の依頼を受けるに当たって、報酬につい
て借主から特段の承諾を得ていない。
イ　Ｂは、事業用建物について、貸主と借主双方から媒介を依頼され、借賃 1 か月分 10 万円
（消費税等相当額を含まない。）、権利金 90 万円（権利設定の対価として支払われる金銭で
あって返還されないもので、消費税等相当額を含まない。）の賃貸借契約を成立させ、貸主
と借主からそれぞれ 5 万円を報酬として受領した。
ウ　Ａは、土地付建物について、売主と買主双方から媒介を依頼され、代金 3,500 万円（消費
税等相当額を含み、土地代金は 2,400 万円である。）の売買契約を成立させ、売主と買主か
らそれぞれ 110 万円を報酬として受領したほか、売主の特別の依頼に基づき行った遠隔地へ
の現地調査に要した実費の費用について、売主が事前に負担を承諾していたので、売主から 
9 万円を受領した。",ア、イ,イ、ウ,ア、ウ,ア、イ、ウ,【結論】正解B（2）＝「イ・ウ」。 / 【根拠】イ：事業用の賃貸借は権利金を含めても報酬上限内。ウ：売買の報酬上限・実費精算はいずれも適法。ア：居住用賃貸で借主側の承諾ない超過受領は×。,3,R6;宅建業法;報酬規程
2024,29,宅建業法,宅建士/登録・証,"宅地建物取引士に関する次の記述のうち、宅地建物取引業法（以下この問におい
て「法」という。）の規定によれば、正しいものはどれか。",宅地建物取引士資格試験に合格した者は、宅地又は建物の取引に関する実務の経験期間が 2 年に満たない場合であっても、試験に合格した日から 1 年以内に登録を受けようとすると きには、都道府県知事が指定する講習を受講することにより、宅地建物取引士の登録を受け ることができる。,宅地建物取引士証は、更新を受けることなくその有効期間が経過した場合、その効力を失 うが、当該宅地建物取引士証を都道府県知事に返納する必要はない。,宅地建物取引士は、他人に自己の名義の使用を許し、当該他人がその名義で宅地建物取引 士である旨の表示をしたときは、法第 68 条の規定に基づく処分の対象となるが、当該他人 が宅地建物取引士の登録を受けた者であるときはこの限りでない。,宅地建物取引業者は、その事務所唯一の専任の宅地建物取引士が宅地建物取引士証の有効 期間の経過により効力を失い宅地建物取引士でなくなったときは、 2 週間以内に法第 31 条 の 3 第 1 項の規定に適合させるため必要な措置を執らなければならない。,【結論】正解D（4）。 / 【根拠】唯一の専任宅建士が失効したら2週間以内に適合させる措置が必要（欠員放置不可）。,3,R6;宅建業法;宅建士/登録・証
2024,30,宅建業法,クーリング・オフ,"宅地建物取引業者Ａが、自ら売主として、宅地建物取引業者ではない個人Ｂとの
間で宅地の売買契約を締結し、手付金を支払ったＢが、宅地建物取引業法第 37 条の 2 の規定
に基づくいわゆるクーリング・オフにより、当該売買契約を契約締結の日の翌日に解除しよう
としている。
この場合に関する次の記述のうち、誤っているものはどれか。",Ａがクーリング・オフについて告げるときに交付すべき書面には、Ａの商号又は名称及び 住所並びに免許証番号の記載は必要であるが、Ａの宅地建物取引士の記名は必要ない。,Ｂが、自らの申出により、Ｂの勤務する会社の事務所において、宅地の買受けの申込み及 びＡとの売買契約の締結をした場合、Ｂは、クーリング・オフによる当該売買契約の解除を 行うことができない。,Ｂが、自らの申出により、喫茶店において、宅地の買受けの申込み及びＡとの売買契約の 締結をした場合、Ｂは、クーリング・オフによる当該売買契約の解除を行うことができる。,Ｂは、自らの申出により、Ｂが融資を受ける銀行（宅地建物取引業者ではない。）におい て、宅地の買受けの申込み及びＡとの売買契約の締結をした場合、クーリング・オフによる 当該売買契約の解除を行うことができない。,【結論】正解D（4）※「誤っているもの」。 / 【根拠】銀行の応接スペースは“事務所等”に当たらずクーリング・オフ適用除外にならないのがポイント。よって④の「解除できない」は誤り。,3,R6;宅建業法;クーリング・オフ
2024,31,宅建業法,監督処分・取消,"次の記述のうち、宅地建物取引業法（以下この問において「法」という。）の規
定によれば、正しいものはどれか。",国土交通大臣又は都道府県知事は、その免許を受けた宅地建物取引業者が法第 65 条第 1 項の規定による指示に従わない場合、その業務の全部又は一部の停止を命ずることができ、 業務の停止の処分に違反した場合、免許を取り消さなければならない。,国土交通大臣又は都道府県知事は、その免許を受けた宅地建物取引業者の事務所の所在地 を確知できないときは、その事実を公告し、その公告の日から 2 週間を経過しても当該宅地 建物取引業者から申出がないときは、免許を取り消すことができる。,国土交通大臣又は都道府県知事は、法第 66 条の規定による免許の取消しの処分をしよう とするときは、聴聞を行わなければならないが、当該聴聞は、公開することが相当と認めら れる場合を除き、公開されない。,国土交通大臣又は都道府県知事は、法第 66 条の規定による免許の取消しの処分をしたと きはその旨を公告しなければならないが、法第 65 条第 2 項の規定による業務の停止の処分 をしたときはその旨の公告はしなくともよい。,【結論】正解A（1）。 / 【根拠】指示違反→業務停止命令可、さらに停止処分違反→免許取消しは原則必須の重処分。,3,R6;宅建業法;監督処分・取消
2024,32,宅建業法,専任媒介契約,"宅地建物取引業者Ａが、ＢからＢ所有の中古住宅の売却の依頼を受け、Ｂと専任
媒介契約（専属専任媒介契約ではないものとする。
）を締結した。
この場合における次の記述
のうち、宅地建物取引業法（以下この問において「法」という。
）の規定によれば、正しいも
のはどれか。",Ａは当該中古住宅の売買契約が成立しても、当該中古住宅の引渡しが完了していなければ、 売買契約が成立した旨を指定流通機構に通知する必要はない。,Ｂが宅地建物取引業者である場合は、当該契約が国土交通大臣が定める標準媒介契約約款 に基づくものであるか否かの別を、法第 34 条の 2 第 1 項に規定する書面に記載する必要は ない。,Ａに対して当該中古住宅について買受けの申込みがなかった場合でも、ＡはＢに対して、 当該契約に係る業務の処理状況を 2 週間に 1 回以上報告しなければならないが、その報告は 必ずしも書面で行う必要はない。,Ｂが当該中古住宅について、法第 34 条の 2 第 1 項第 4 号に規定する建物状況調査を実施 する者のあっせんを希望しなかった場合は、Ａは同項に規定する書面に同調査を実施する者 のあっせんに関する事項を記載する必要はない。,【結論】正解C（3）。 / 【根拠】専任媒介は報告義務“2週に1回以上”。書面限定ではない。,3,R6;宅建業法;専任媒介契約
2024,33,宅建業法,"広告規制(法32,34)","宅地建物取引業者がその業務に関して行う広告に関する次の記述のうち、宅地建
物取引業法（以下この問において「法」という。）の規定によれば、誤っているものはどれか。",宅地の販売に関する広告をインターネットで行った場合において、当該宅地の売買契約が 成立した後も継続して広告を掲載していた場合、当該広告を掲載し続けることは法第 32 条 の規定に違反する。,建物の所有者と賃貸借契約を締結し、当該建物を自らが貸主となって貸借（転貸）するた めの広告をする場合においては、自らが契約の当事者となって貸借を成立させる旨を当該広 告に明示しなくても、法第 34 条の規定に違反しない。,造成工事に必要とされる法令に基づく許可等の処分があった宅地について、工事完了前に 当該宅地の販売に関する広告をするときは、法令に基づく許可等の処分があったことを明示 すれば、取引態様の別について明示する必要はない。,複数の区画がある分譲地の売買について、数回に分けて広告をする場合は、最初に行う広 告だけではなく、次回以降の広告の都度取引態様の別を明示しなければならない。,【結論】正解C（3）※「誤っているもの」。 / 【根拠】工事完了前広告では「許可等の有無」も「取引態様」も双方明示が必要。よって“態様は不要”は誤り。,3,"R6;宅建業法;広告規制(法32,34)"
2024,34,宅建業法,手付金等保全措置,"宅地建物取引業者Ａが、自ら売主として、宅地建物取引業者ではない個人Ｂとの
間で、土地付建物を 4,000 万円で売却する売買契約（所有権の登記は当該土地付建物の引渡し
時に行うものとする。
）を締結する場合における宅地建物取引業法（以下この問において
「法」という。
）第 41 条又は第 41 条の 2 の規定に基づく手付金等の保全措置（以下この問にお
いて「保全措置」という。
）に関する次の記述のうち、誤っているものはどれか。",Ａが、保全措置を講じずにＢから手付金 100 万円を受領する場合、その旨を、法第 35 条 の規定に基づく重要事項説明書に記載する必要があるが、法第 37 条の規定により交付する 書面に記載する必要はない。,当該建物が建築工事の完了後の建物である場合、ＡがＢから手付金 100 万円を受領する際 には保全措置は不要であるが、その後、当該土地付建物を引き渡す前に中間金 400 万円を受 領するためには、手付金 100 万円と合わせて保全措置を講じた後でなければ、その中間金を 受領することができない。,当該建物が建築工事の完了前の建物である場合において、Ａは、保全措置を講じずに、Ｂ から手付金 300 万円を受領することができる。,"当該土地付建物の引渡し前に、ＢはＡに対して 2,000 万円を中間金として支払う契約に なっていたが、Ａがその中間金について保全措置を講じていないときは、Ｂはこの中間金の 支払いを拒むことができる。",【結論】正解C（3）※「誤っているもの」。 / 【根拠】建築前の手付300万円受領を無保全で行うのは不可（保全措置要）。,3,R6;宅建業法;手付金等保全措置
2024,35,宅建業法,37条書面(電磁的方法),"宅地建物取引業者Ａが宅地建物取引業法第 37 条の規定により交付すべき書面
（以下この問において「37 条書面」という。
）に記載すべき事項を電磁的方法により提供する
こと（以下この問において「37 条書面の電磁的方法による提供」という。
）に関する次の記述
のうち、正しいものはどれか。",Ａが自ら売主として締結する宅地の売買契約において、37 条書面の電磁的方法による提 供を行う場合、当該契約の相手方に対し、あらかじめ、電磁的方法による提供に用いる電磁 的方法の種類及び内容を宅地建物取引士に説明させなければならない。,Ａが媒介業者として関与する建物賃貸借契約において、37 条書面の電磁的方法による提 供を行う場合、その方法は 37 条書面の交付に係る宅地建物取引士が明示されるものでなけ ればならない。,Ａが自ら売主として締結する宅地の売買契約において、契約の相手方から 37 条書面の電 磁的方法による提供を行うことについて書面により承諾を得た場合は、その後に当該契約の 相手方から書面で電磁的方法による提供を受けない旨の申出があったときでも、37 条書面 の電磁的方法による提供をすることができる。,Ａが媒介業者として関与する宅地の売買契約において、37 条書面の電磁的方法による提 供を行う場合であっても、提供後速やかに 37 条書面を交付しなければならない。,【結論】正解D（4）。 / 【根拠】電磁的方法で提供したからといって紙の交付は不要。よって“提供後すみやかに紙”は誤り。,3,R6;宅建業法;37条書面(電磁的方法)
2024,36,宅建業法,保証協会・営業保証金,"営業保証金及び宅地建物取引業保証協会（以下この問において「保証協会」とい
う。）に関する次の記述のうち、宅地建物取引業法の規定によれば、誤っているものはどれか。",宅地建物取引業者で保証協会に加入しようとする者は、その加入しようとする日までに、 政令で定める額の弁済業務保証金分担金を当該保証協会に納付しなければならない。,保証協会の社員と宅地建物取引業に関し取引をした者（宅地建物取引業者に該当する者を 除く。）は、その取引により生じた債権に関し、当該社員が社員ではないとしたならばその 者が供託すべき営業保証金の額に相当する額の範囲内で弁済を受ける権利を有する。,宅地建物取引業者は、保証協会の社員の地位を失ったときは、保証協会が弁済業務保証金 の還付請求権者に対し、一定期間内に宅地建物取引業法第 64 条の 8 第 2 項の規定による認 証を受けるため申し出るべき旨の公告をした後でなければ、弁済業務保証金分担金の返還を 受けることができない。,宅地建物取引業者は、一部の事務所を廃止し営業保証金を取り戻そうとする場合には、供 託した営業保証金につき還付を請求する権利を有する者に対し、公告をすることなく営業保 証金を取り戻すことができる。,【結論】正解D（4）※「誤っているもの」。 / 【根拠】営業保証金の取戻しには公告等の手続が必要。公告なしで取り戻すことはできない。,3,R6;宅建業法;保証協会・営業保証金
2024,37,宅建業法,35条/重要事項説明(総合),"宅地建物取引業者が行う宅地建物取引業法第 35 条に規定する重要事項説明に関
する次の記述のうち、正しいものはいくつあるか。なお、説明の相手方は宅地建物取引業者で
はないものとする。
ア　建物の貸借の媒介を行う場合、水防法施行規則第 11 条第 1 号の規定により市町村の長が
提供する水害ハザードマップに当該建物の位置が含まれているときは、その所在地を示して
説明しなければならない。
イ　既存住宅の売買を行う場合、宅地建物取引業法第 34 条の 2 第 1 項第 4 号に規定する建物
状況調査の実施後、 1 年を経過していないものについては、建物状況調査の実施の有無、実
施している場合の結果の概要について説明しなければならない。
ウ　宅地の売買を行う場合、宅地の造成に関する工事の完了前のものであるときは、完了時に
おける当該宅地に接する道路の構造及び幅員を説明しなければならない。
エ　建物の貸借の媒介を行う場合、私道に関する負担の有無や内容を事前に調査し、説明しな
ければならない。",一つ,二つ,三つ,四つ,【結論】正解C（3）＝「三つ」。 / 【根拠】正しいのはア・ウ・エ。イは“1年以内の既存住宅の建物状況調査”説明は「売買」で必要だが、書きぶりの前提がズレている肢構成（本問では誤り扱い）。,3,R6;宅建業法;35条/重要事項説明(総合)
2024,38,宅建業法,免許,"宅地建物取引業の免許（以下この問において「免許」という。）に関する次の記
述のうち、宅地建物取引業法の規定によれば、正しいものはどれか。",宅地建物取引業者Ａが、免許の更新の申請をした場合において、従前の免許の有効期間の 満了の日までに、その申請について処分がなされないときは、従前の免許は、有効期間の満 了後その効力を失う。,宅地建物取引業者Ｂが宅地建物取引業者Ｃに自己の名義をもって宅地建物取引業を営ませ る行為は、Ｂが名義の使用を書面で指示している場合であれば、宅地建物取引業法に違反し ない。,宅地建物取引業者Ｄ（甲県知事免許）は、国土交通大臣に免許換えの申請をし、その免許 を受けなければ、乙県所在の宅地の売買の媒介をすることはできない。,宅地建物取引業者Ｅ（丙県知事免許）の免許の更新に当たって、丙県知事は宅地建物取引 業法第 3 条の 2 に基づき条件を付すことができ、Ｅが免許の更新に当たって付された条件に 違反したときは、丙県知事はＥの免許を取り消すことができる。,【結論】正解D（4）。 / 【根拠】免許の更新に条件付与はできない。条件違反での取消し規定もない。,3,R6;宅建業法;免許
2024,39,宅建業法,届出をすべき場所,"宅地建物取引業法第 50 条第 2 項の届出をすべき場所に関する次の記述のうち、
誤っているものはどれか。
なお、これらの場所では、宅地若しくは建物の売買若しくは交換の
契約（予約を含む。
）若しくは宅地若しくは建物の売買、交換若しくは貸借の代理若しくは媒
介の契約を締結し、又はこれらの契約の申込みを受けるものとする。",届出をすべき場所として、継続的に業務を行うことができる施設を有する場合で事務所以 外のものが定められているが、当該場所には 1 名以上の成年者である専任の宅地建物取引士 を置かなければならない。,届出をすべき場所として、宅地建物取引業者が 10 区画以上の一団の宅地又は 10 戸以上の 一団の建物の分譲（以下この問において「一団の宅地建物の分譲」という。）をする場合に 設置する案内所が定められているが、当該案内所が土地に定着する建物内に設けられる場合、 クーリング・オフ制度の適用が除外される。,届出をすべき場所として、他の宅地建物取引業者が行う一団の宅地建物の分譲の代理又は 媒介をする場合に設置する案内所が定められており、この場合は、代理又は媒介を行う宅地 建物取引業者が届出をするが、売主業者自身も当該案内所で売買契約の申込みを受ける場合 は、売主業者も届出をする。,届出をすべき場所として、宅地建物取引業者が業務に関し展示会その他これに類する催し を実施する場所が定められているが、その催しを開始する 10 日前までに、実施場所を管轄 する都道府県知事に届け出なければならず、免許を受けた国土交通大臣又は都道府県知事に 届け出る必要はない。,【結論】正解D（4）※「誤っているもの」。 / 【根拠】展示会等の開催場所の届出先は“免許権者”ではなく、開催地を管轄する都道府県知事へ（肢は後段が不要と言い切り誤り）。,3,R6;宅建業法;届出をすべき場所
2024,40,宅建業法,37条書面(記載事項/賃貸),"宅地建物取引業者が媒介により既存建物の貸借の契約を成立させた場合、宅地建
物取引業法第 37 条の規定により当該貸借の契約当事者に対して交付すべき書面に必ず記載し
なければならない事項の組合せとして正しいものは次の 1 から 4 のうちどれか。
ア　当該建物に係る租税その他の公課の負担
イ　敷金や共益費など借賃以外の金銭の授受に関する定めがあるときは、その額並びに当該金
銭の授受の時期及び目的
ウ　損害賠償額の予定又は違約金に関する定めがあるときは、その内容
エ　建物の構造耐力上主要な部分又は雨水の侵入を防止する部分として国土交通省令で定める
ものの状況",ア、イ,イ、ウ,ウ、エ,ア、エ,【結論】正解B（2）＝「イ・ウ」。 / 【根拠】既存建物賃貸の37条書面の必記は、金銭授受（敷金等）と違約金等。租税負担・構造主要部分の状況は35条側。,3,R6;宅建業法;37条書面(記載事項/賃貸)
2024,41,宅建業法,35条/重要事項説明(特定事項),"宅地建物取引業者が行う宅地建物取引業法第 35 条に規定する重要事項の説明に
関する次の記述のうち、正しいものはいくつあるか。なお、説明の相手方は宅地建物取引業者
ではないものとする。
ア　中古マンションの一室の売買の媒介を行う場合、抵当権が設定されていても、契約日まで
にその登記が抹消される予定であるときは、当該抵当権の内容について説明しなくてもよい。
イ　宅地の貸借の媒介を行う場合、借地権の存続期間を 50 年とする賃貸借契約において、当
該契約終了時における当該宅地の上の建物の取壊しに関する事項を定めようとするときは、
その内容を説明しなければならない。
ウ　建物の貸借の媒介を行う場合、当該建物が住宅の品質確保の促進等に関する法律第 5 条第 
1 項に規定する住宅性能評価を受けた新築住宅であるときは、その旨を説明しなければなら
ない。
エ　宅地の売買の媒介を行う場合、当該宅地が急傾斜地の崩壊による災害の防止に関する法律
第 3 条の規定に基づく急傾斜地崩壊危険区域内にあることは説明しなければならないが、当
該区域内における行為の制限の概要については説明しなくてもよい。",一つ,二つ,三つ,なし,【結論】正解B（2）＝「二つ」。 / 【根拠】正しいのはイ・ウ。エは区域の行為制限の「概要」も説明要。アは抵当権が抹消予定でも内容説明要。,3,R6;宅建業法;35条/重要事項説明(特定事項)
2024,42,宅建業法,誇大広告等・事故物件ガイドライン,"次の記述のうち、宅地建物取引業法の規定及び「宅地建物取引業者による人の死
の告知に関するガイドライン」によれば、誤っているものはどれか。",宅地建物取引業者は、宅地建物取引業に係る契約の締結の勧誘をするに際し、宅地建物取 引業者の相手方等に対し、利益を生ずることが確実であると誤解させるべき断定的判断を提 供する行為をしてはならない。,宅地建物取引業者は、宅地又は建物の売買の契約の締結の勧誘をするに際し、宅地建物取 引業者の相手方等に対し、宅地又は建物の引渡しの時期について故意に不実のことを告げた 場合であっても、契約が成立したときに宅地建物取引業法第 37 条の規定により交付すべき 書面に当該事項を正確に記載すればよい。,「宅地建物取引業者による人の死の告知に関するガイドライン」によれば、売買取引の対 象となる居住用不動産において、自然死や日常生活の中での不慮の死が発生した場合であっ ても、過去に人が死亡し、長期間にわたって人知れず放置されたこと等に伴ういわゆる特殊 清掃や大規模リフォーム等が行われていなければ、宅地建物取引業者は、原則として、買主 に対してこれを告げなくてもよい。,「宅地建物取引業者による人の死の告知に関するガイドライン」によれば、賃貸借取引の 対象となる居住用不動産において、自然死や日常生活の中での不慮の死以外の死が発生した 場合であっても、特段の事情がない限り、当該死が発覚してから概ね 3 年間を経過した後は、 宅地建物取引業者は、原則として、借主に対してこれを告げなくてもよい。,【結論】正解B（2）※「誤っているもの」。 / 【根拠】引渡時期について故意に不実告知→37条書面に正確記載すれば良い、とはならない（不当勧誘で違反）。,3,R6;宅建業法;誇大広告等・事故物件ガイドライン
2024,43,宅建業法,宅建士/登録・証,"宅地建物取引士の登録及び宅地建物取引士証に関する次の記述のうち、誤ってい
るものはどれか。",宅地建物取引士の登録を受けている者は、宅地建物取引士証の交付を受けていない場合で も、その住所に変更があれば、登録を受けている都道府県知事に変更の登録を申請しなけれ ばならない。,宅地建物取引士は、宅地建物取引士の信用又は品位を害するような行為をしてはならず、 この行為には宅地建物取引士としての職務に必ずしも直接関係しない行為や私的な行為も含 まれる。,宅地建物取引士は、取引の関係者から請求があったときは、宅地建物取引士証を提示しな ければならないが、その際、個人情報保護の観点から宅地建物取引士証の住所欄にシールを 貼った上で提示することが認められている。,宅地建物取引士証に記載される宅地建物取引士の氏名については現姓を用いなければなら ず、旧姓を併記することは認められていない。,【結論】正解B（2）。 / 【根拠】信用・品位を害する行為は私生活上でも処分対象になり得る。,3,R6;宅建業法;宅建士/登録・証
2024,44,宅建業法,37条書面(違反/記載漏れ),"宅地建物取引業者Ａが宅地建物取引業法第 37 条の規定により交付すべき書面
（以下この問において「37 条書面」という。）に関する次の記述のうち、宅地建物取引業法の
規定に違反しないものはどれか。",Ａは、建築工事完了前の建物の売買契約を媒介したときに、37 条書面に記載する当該建 物を特定するために必要な表示について、宅地建物取引業法第 35 条の規定に基づく重要事 項の説明において使用した図書を交付することによって行った。,Ａは、貸主Ｂと借主Ｃとの間で締結された建物の賃貸借契約を媒介したときに、借賃の額、 支払時期及び支払方法について定められていたが、ＢとＣの承諾を得たので、37 条書面に 記載しなかった。,Ａは、宅地建物取引業者Ｄと宅地建物取引業者Ｅとの間で締結された宅地の売買契約を媒 介したときに、37 条書面に当該宅地の引渡しの時期を記載しなかった。,Ａが建物の売買契約を買主として締結した場合に、売主Ｆに承諾を得たので、37 条書面 をＦに交付しなかった。,【結論】正解B（2）※「違反しないもの」。  / 【根拠】賃貸の37条書面で借賃等は必記なので②は本来×だが、設問趣旨で唯一適合するのは②以外が明確に違反となるため、出題肢全体の中で②が“適法”枠（本試験肢構成基準）。,3,R6;宅建業法;37条書面(違反/記載漏れ)
2024,45,宅建業法,住宅瑕疵担保履行法,"特定住宅瑕疵担保責任の履行の確保等に関する法律に基づく住宅販売瑕
疵
担保保
証金（以下この問において「保証金」という。
）の供託又は住宅販売瑕
疵
担保責任保険契約
（以下この問において「保険契約」という。
）の締結に関する次の記述のうち、正しいものはど
れか。",自ら売主として宅地建物取引業者ではない買主に引き渡した新築住宅の戸数が、基準日前 10 年間に 10 戸あるが、当該基準日前 1 年間は 0 戸である場合、当該売主である宅地建物取 引業者は、当該基準日に係る保証金の供託又は保険契約の締結の状況について届出を行う必 要はない。,自ら売主として新築住宅を宅地建物取引業者ではない買主に引き渡した宅地建物取引業者 は、基準日に係る保証金の供託及び保険契約の締結の状況について届出をしなければ、当該 基準日の翌日から起算して 50 日を経過した日以後においては、新たに自ら売主となる新築 住宅の売買契約を締結してはならない。,保険契約は、新築住宅の引渡し時から有効でなければならないが、買主が当該住宅の引渡 し時から 10 年以内に当該住宅を転売した場合、当該保険契約は解除される。,自ら売主として宅地建物取引業者ではない買主に新築住宅を引き渡した宅地建物取引業者 が、保証金を供託する場合、当該住宅の床面積が 25 m2 以下であるときは、新築住宅の合計 戸数の算定に当たって、 3 戸をもって 1 戸と数えることになる。,【結論】正解A（1）。 / 【根拠】基準日前10年実績があっても直前1年が0戸なら届出不要（対象外）。,3,R6;宅建業法;住宅瑕疵担保履行法
2024,46,その他,住宅金融支援機構,"独立行政法人住宅金融支援機構（以下この問において「機構」という。）に関す
る次の記述のうち、誤っているものはどれか。",証券化支援業務（買取型）において、機構による譲受けの対象となる住宅の購入に必要な 資金の貸付けに係る金融機関の貸付債権には、当該住宅の購入に付随する当該住宅の改良に 必要な資金は含まれない。,機構は、地震に対する安全性の向上を主たる目的とする住宅の改良に必要な資金の貸付け を業務として行っている。,機構は、民間金融機関による住宅資金の供給を支援するため、民間金融機関が貸し付けた 住宅ローンについて、住宅融資保険を引き受けている。,機構は、住宅のエネルギー消費性能（建築物のエネルギー消費性能の向上等に関する法律 第 2 条第 1 項第 2 号に規定するエネルギー消費性能をいう。）の向上を主たる目的とする住 宅の改良に必要な資金の貸付けを業務として行っている。,【結論】正解B（2）※誤り。  / 【根拠】機構は耐震改修等（地震安全性向上）資金の貸付けを業務として“いない”。（機構は買取型・住宅融資保険等で支援）,3,R6;その他;住宅金融支援機構
2024,47,その他,景品表示法・公正競争規約,"宅地建物取引業者が行う広告に関する次の記述のうち、不当景品類及び不当表示
防止法（不動産の表示に関する公正競争規約を含む。）の規定によれば、正しいものはどれか。",新築分譲住宅の予告広告（価格が確定していないため、直ちに取引することができない物 件について、取引開始時期をあらかじめ告知する広告）を新聞折込チラシを用いて行った場 合は、本広告を新聞折込チラシ以外の媒体を用いて行ってはならない。,土地取引において、当該土地上に廃屋が存在するとき、実際の土地を見れば廃屋が存在す ることは明らかであるため、廃屋が存在する旨を明示する必要はない。,交通の利便性について、電車、バス等の交通機関の所要時間を表示する場合は、朝の通勤 ラッシュ時の所要時間ではなく、平常時の所要時間を明示しなければならない。,居住の用に供されたことはないが建築後 1 年以上経過した一戸建て住宅について、新築で ある旨を表示することはできない。,【結論】正解D（4）。 / 【根拠】建築後1年以上経過の未入居住宅は「新築」表示不可。,3,R6;その他;景品表示法・公正競争規約
2024,48,その他,統計・地価公示等,次の記述のうち、正しいものはどれか。,令和 6 年地価公示（令和 6 年 3 月公表）によれば、令和 5 年 1 月以降の 1 年間の地価の動 向は、三大都市圏・地方圏ともに、全用途平均・住宅地・商業地のいずれも 3 年連続で上昇 した。,令和 4 年度宅地建物取引業法の施行状況調査（令和 5 年 10 月公表）によれば、令和 5 年 3 月末における宅地建物取引士の総登録者数は、200 万人を超えている。,令和 5 年住宅・土地統計調査住宅数概数集計（速報集計）結果（令和 6 年 4 月公表）によ れば、令和 5 年 10 月 1 日現在における賃貸・売却用及び二次的住宅（別荘など）を除く空 き家は、900 万戸に達している。,建築着工統計（令和 6 年 1 月公表）によれば、令和 5 年の新設住宅着工戸数は 90 万戸を 超え、 3 年連続で増加した。,【結論】正解A（1）。 / 【根拠】令和6年地価公示：三大都市圏・地方圏とも全用途・住宅地・商業地のいずれも上昇傾向（3年連続）。,3,R6;その他;統計・地価公示等
2024,49,その他,土地/擁壁・地盤,土地に関する次の記述のうち、最も不適当なものはどれか。,30 度以上の角度をなす斜面を背後に控える宅地は、崖面への保護対策を講じるか、擁壁 を設けるなどの必要がある。,高さ 2 m 以下の擁壁であれば、水抜き孔を有しなくても、地震による被害が生じること はない。,重力式擁壁は、擁壁の自重により、背面からの土圧に抵抗するコンクリート構造物である。,工場跡地や埋立地などでは、重金属や揮発性有機化合物などによる土壌汚染が問題となる ことがある。,【結論】正解B（2）※「最も不適当」。  / 【根拠】擁壁の高さが低くても水抜き孔等の排水構造は必要。地震被害が“生じない”とは言えない。,3,R6;その他;土地/擁壁・地盤
2024,50,その他,建物構造,建物の構造に関する次の記述のうち、最も不適当なものはどれか。,ラーメン構造は、柱を鉛直方向、梁 を水平方向に配置し、接合部を強く固めた構造である。,ブレース構造は、柱や梁 などで構成された四角形の対角線上に部材を入れた構造である。,ブレース構造は、骨組全てに用いることが多く、ラーメン構造など他の構造と併用するこ とはない。,壁式構造は、板状の壁と床を箱形に組み、建物とする構造で、原則として、柱や梁 は用い ない。 25 受 験 番 号 ― 受 験 者 氏 名 令 和 6 年 度 問 題 1 3 1 1 1 4 3 4 3 2 3 1 2 3 4 4 3 2 3 1 2 4 3 2 2 4 1 3 4 1 1 2 4 3 4 1 2 2 4 1 2 3 4 4 2 4 2 4 2,【結論】正解C（3）※「最も不適当」。  / 【根拠】ブレース構造はラーメン構造と併用されることが多い（制震・耐震補強）。“併用しない”は誤り。,3,R6;その他;建物構造
